Carrier,Orders,Total_Cost,Avg_Cost,Avg_TPT
V444_0,414,1819.3687424059397,4.394610488903236,2.9782608695652173
V444_4,86,290.9940342996758,3.383651561624137,1.0
