Mode,Orders,Total_Cost,Share_%
AIR,497,1098.4877041214615,99.4
GROUND,3,1011.8750725841538,0.6
